company,title,location,country,lane,term,mode,posted_date,posted_label,deadline,compensation,fit_score,fit_label,eligibility_label,eligibility_notes,work_auth,source_family,source_name,source_type,official,provenance,url
OLG,Compliance Student,"Toronto or Sault Ste. Marie, ON",Canada,Compliance & Governance,Fall 2026,Onsite,2026-07-09,3 days ago when verified,2026-07-15,CAD $18.50–$28.50/hour,98,Exceptional match,Check academic-term fit,"The posting accepts current students in business, analytics, technology, or a related field and allows non-co-op applicants, but it is a full-time September–December 2026 work term.",Must be eligible to work in Canada,curated,OLG via LinkedIn,aggregator,False,manually reviewed source record,https://ca.linkedin.com/jobs/view/compliance-student-at-olg-4437308977
Harris Computer / gtechna,Legal & Administrative Intern,"Montréal, QC",Canada,Legal & Contracts,Current / flexible,Onsite,2026-06-23,Posted Jun 23,,,97,Exceptional match,Likely match,"The posting accepts students in law, business administration, or a related program. Confirm term dates and Canadian work authorization.",Must be eligible to work in Canada,curated,Harris / Teal listing,aggregator,False,manually reviewed source record,https://www.tealhq.com/job/stagiaire-legal-intern-legal-admin_7ea1a8983571856a38fc2c627f046bbe44b60
TMX Group,Systems Business Analyst Intern,"Toronto, ON",Canada,Analytics & Strategy,Fall 2026 · 12 months,Hybrid,2026-07-09,3 days ago when verified,,CAD $25–$28/hour,96,Exceptional match,Check 12-month availability,"The role targets students in business technology, finance, computer science, or a related field and requires authorization to work in Canada without employer work-permit sponsorship.",Canadian work authorization required; no sponsorship,curated,TMX Group via LinkedIn,aggregator,False,manually reviewed source record,https://ca.linkedin.com/jobs/view/systems-business-analyst-intern-at-tmx-group-4438657089
CSA Group,Co-op Student — Standards,"Toronto, ON",Canada,Compliance & Governance,Fall 2026 · 12 months,Hybrid,2026-07-05,1 week ago when verified,,CAD $24.60–$31.48/hour,95,Exceptional match,Current class-year conflict,"The posting requires completion of second year or higher in an undergraduate program, a 12-month commitment beginning September 2026, and return to school afterward. Katherine began the combined program in September 2025, so the second-year-completed requirement appears unmet as of July 2026.",Must be eligible to work in Canada,curated,CSA Group via LinkedIn,aggregator,False,manually reviewed source record,https://ca.linkedin.com/jobs/view/co-op-student-standards-1-year-contract-starting-september-2026-at-canadian-standards-association-4417346753
Bombardier,"Intern, Contract Administration","Dorval, QC",Canada,Legal & Contracts,Fall 2026,Hybrid,2026-07-04,Posted Jul 4,,,95,Exceptional match,Likely match,"Student-only role for candidates in business, finance, law, or a related field. Confirm your course schedule and work authorization.",Must be eligible to work in Canada,curated,Bombardier via Workopolis,aggregator,False,manually reviewed source record,https://www.workopolis.com/jobsearch/viewjob/1Ous6Brfjzx3biPCXPGBtcIv7MeNeLohI-sIyBLKnEKYSzhVmbnlK4m_ByLWhnp8
Department of Justice Canada,Legal Excellence Program — Law Student and Articling Recruitment,Multiple offices across Canada,Canada,Legal & Contracts,Future office-specific cycles,Not stated,2026-07-13,Live feed · verified Jul 13,,,94,Strong future match,Future upper-year law-student recruiting cycle,Justice Canada offices recruit on different schedules and many summer or articling streams target students who have reached a specified stage of law school. Monitor office pages as your JD progression aligns.,Office-specific Canadian legal-recruiting requirements,government_canada,Department of Justice Canada,official_program,True,official Canadian federal or parliamentary student-program page,https://www.justice.gc.ca/eng/abt-apd/recru/lep-pea/index.html
Aecon Group Inc.,"Business Analyst, Co-op","Etobicoke, ON",Canada,Compliance & Governance,Fall 2026 · 12–16 months,Onsite,2026-07-11,1 day ago when verified,,CAD $20–$25/hour,94,Strong match,Check co-op and term length,"The role is structured as a 12–16 month co-op placement. Confirm University of Ottawa registration, start date, and whether the long full-time term fits the combined program.",Must be eligible to work in Canada,curated,Aecon via LinkedIn,aggregator,False,manually reviewed source record,https://ca.linkedin.com/jobs/view/business-analyst-co-op-at-aecon-group-inc-4422067083
Library of Parliament,Parliamentary Guide Program — Fall-Winter 2026–2027,"Ottawa, ON",Canada,Policy & Government,Fall 2026,Not stated,2026-07-13,Live feed · verified Jul 13,2026-07-23,,93,Strong match,Check citizenship and schedule requirements,"The official program requires Canadian citizenship or permanent residence, study at a Canadian university, and bilingual English/French ability. Confirm fall-winter availability and all application documents before the July 23, 2026 deadline.",Canadian citizen or permanent resident required,government_canada,Library of Parliament,official_program,True,official Canadian federal or parliamentary student-program page,https://lop.parl.ca/sites/jobs/default/en_CA/guides
TCI / Entercan,Legal Intern,"North York, ON",Canada,Legal & Contracts,Current,Onsite,2026-07-09,Posted Jul 9,,$19/hour,93,Strong match,Likely match,"The posting welcomes finance, accounting, and legal studies backgrounds and notes international students may apply. Verify hours, supervision, and work-permit conditions.",Confirm Canadian work authorization,curated,TCI via Workopolis,aggregator,False,manually reviewed source record,https://www.workopolis.com/jobsearch/viewjob/uh6APB1E4a0_B1_7JeqF_m9ZzXAL-sOz_JOy4QMn2sLCl4Rxs1iWk6HcCYps8d3Y
Senate of Canada,Senate of Canada Student Employment Program,"Ottawa, ON",Canada,Policy & Government,Year-round / ongoing,Not stated,2026-07-13,Live feed · verified Jul 13,,,92,Strong match,Check student-inventory requirements,"Confirm current enrolment, return-to-studies expectations, Canadian work authorization, term availability and any team-specific security or language requirements.",Canadian work authorization and Senate requirements apply,government_canada,Senate of Canada,official_program,True,official Canadian federal or parliamentary student-program page,https://sencanada.ca/en/about/careers/student-employment/
CAE,C-FIN-200 Tax Intern,"Saint-Laurent, QC",Canada,"Finance, Tax & Risk",Fall 2026,Hybrid,2026-07-05,Posted about 1 week ago,,,92,Strong match,Likely match,"Student-only university internship from August 31 to December 18, 2026. Confirm academic availability and Canadian work authorization.",Must be eligible to work in Canada,curated,CAE via Workopolis,aggregator,False,manually reviewed source record,https://www.workopolis.com/jobsearch/viewjob/6q5TZhl-Js3VAhbg8Ec_sWuTftdLjPYGKvQDIpd7vZyndbn1x9mOhHxglC58OTO7
U.S. Department of Justice,Volunteer Legal Internships,United States,United States,Legal & Contracts,Fall,Not stated,2026-07-13,Live feed · verified Jul 13,,,91,Strong match,Check law-school year and U.S. requirements,"Most DOJ legal internships require careful verification of law-school standing, U.S. citizenship, background investigation and application timing.",U.S. citizenship and federal suitability requirements may apply,government_us,U.S. Department of Justice Legal Careers,official_program,True,official government or central-bank student program page,https://www.justice.gov/legal-careers/volunteer-legal-internships
Federal Trade Commission,Bureau of Competition Legal Internships,"Washington, DC and other U.S. locations",United States,Legal & Contracts,Fall,Not stated,2026-07-13,Live feed · verified Jul 13,,,91,Strong match,Check law-school and citizenship requirements,Confirm whether the current cycle accepts your Canadian combined-program standing and whether U.S. citizenship or independent authorization is required.,U.S. federal eligibility and security review apply,government_us,Federal Trade Commission,official_program,True,official government or central-bank student program page,https://www.ftc.gov/about-ftc/bureaus-offices/bureau-competition/careers-bureau-competition/legal-internships
OLG,Business Analyst Student,"Sault Ste. Marie, ON",Canada,Analytics & Strategy,Fall 2026,Onsite,2026-07-09,3 days ago when verified,2026-07-15,CAD $18.50–$28.50/hour,91,Strong match,Check academic-term fit,"The posting accepts current students in business administration, finance, computer science, marketing, or a related discipline and explicitly allows applicants outside registered co-op programs.",Must be eligible to work in Canada,curated,OLG via LinkedIn,aggregator,False,manually reviewed source record,https://ca.linkedin.com/jobs/view/business-analyst-student-at-olg-4437323418
Manulife,Canada Retirement Investment Product Analysis Co-op,"Toronto, ON",Canada,Business & Finance,Fall 2026,Hybrid,2026-07-03,Posted Jul 3,,,91,Strong match,Likely match,"Commerce, finance, economics, or related students are a natural target. Confirm co-op registration requirements.",Must be eligible to work in Canada,curated,Manulife via Workopolis,aggregator,False,manually reviewed source record,https://www.workopolis.com/jobsearch/viewjob/wO3oya7iHV6jwjutaAi8nBt3n1NBosXhT04ypEp3xawKfOBSpF02TN_axI6js7ey
Bank of Canada,Student and Recent Graduate Opportunities,Ottawa and other Canadian locations,Canada,Legal & Contracts,Current and recurring opportunities,Not stated,2026-07-13,Live feed · verified Jul 13,,,90,Strong match,Check each Bank of Canada posting,"Confirm term dates, academic field, language, security and work-authorization requirements on each current posting.",Canadian work eligibility and security screening apply,government_canada,Bank of Canada Careers,official_program,True,official government or central-bank student program page,https://www.bankofcanada.ca/careers/students-and-recent-graduates/
Sony Corporation of America,Legal Intern,"New York, NY",United States,Legal & Contracts,Fall 2026,Hybrid,2026-07-10,Posted Jul 10,,$23/hour,90,Strong match,ABA law school + U.S. authorization required,"The posting requires enrollment in an ABA-accredited law school and authorization to work in the U.S. A University of Ottawa JD ordinarily does not meet the ABA-school wording, so treat this as a networking benchmark unless Sony confirms otherwise.",Must already be authorized to work in the U.S.,curated,Sony Careers,official,True,manually reviewed source record,https://sonyglobal.wd1.myworkdayjobs.com/en-US/SonyGlobalCareers/job/New-York/Legal-Intern_JR-119374
Schneider Electric,Government Relations Intern,"Montréal, QC",Canada,Policy & Government,Current,Hybrid,2026-07-09,Posted Jul 9,,,90,Strong match,Likely match,"The role favors public policy, political science, or a related program. A combined business-law program is plausibly related; explain the policy-business connection clearly.",Must be eligible to work in Canada,curated,Schneider Electric via Workopolis,aggregator,False,manually reviewed source record,https://www.workopolis.com/jobsearch/viewjob/29R6pCIPopPfgDoxcWukh11C8XY6wKyWtCV3xfSixzEaL9g424nHFjLh5hPne1PV
Roche,Fall 2026 Business / Data Analyst Intern,"Montréal, QC",Canada,Analytics & Strategy,Fall 2026 · 12 months,Hybrid,2026-07-08,4 days ago when verified,,Paid internship; amount not stated,90,Strong match,Degree-field conflict,"The posting requires an undergraduate degree or diploma in computer science, data analytics, information systems, AI, or a related technical field. A BCom/JD with technical coursework may not satisfy that wording, and the role is full-time for 12 months.",Must be eligible to work in Canada,curated,Roche via LinkedIn,aggregator,False,manually reviewed source record,https://ca.linkedin.com/jobs/view/2026-fall-intern-business-data-analyst-intern-stagiaire-d-automne-2026-analyste-d-affaires-de-donn%C3%A9es-at-roche-4438137649
Government of Canada,Federal Student Work Experience Program (FSWEP) — Ongoing Student Recruitment Inventory,Across Canada,Canada,Legal & Contracts,Year-round / ongoing,Not stated,2026-07-13,Live feed · verified Jul 13,,,89,Good match,Check federal student eligibility,"Confirm full-time status, return-to-studies eligibility, and citizenship or permanent-resident preference.",Canadian citizens and permanent residents receive preference,government_canada,Government of Canada — FSWEP,official_program,True,official government or central-bank student program page,https://www.canada.ca/en/public-service-commission/jobs/services/recruitment/students/federal-student-work-program.html
Government of Canada,Research Affiliate Program,Across Canada,Canada,Legal & Contracts,Year-round / ongoing,Not stated,2026-07-13,Live feed · verified Jul 13,,,89,Good match,Check research-curriculum requirement,Confirm that the BCom/JD curriculum or a specific course/research project meets the program’s research requirement.,Canadian citizens and permanent residents receive preference,government_canada,Government of Canada — Research Affiliate Program,official_program,True,official government or central-bank student program page,https://www.canada.ca/en/public-service-commission/jobs/services/recruitment/students/research-affiliate-program.html
Government of Canada,Post-Secondary Co-op/Internship Program,Across Canada,Canada,Legal & Contracts,Academic work terms,Not stated,2026-07-13,Live feed · verified Jul 13,,,89,Good match,Check University of Ottawa co-op validation,Ask the University of Ottawa program coordinator whether the combined BCom/JD program is validated and whether the work term can count as an academic requirement.,Must be referred through a validated co-op or internship program,government_canada,Government of Canada — Co-op/Internship Program,official_program,True,official government or central-bank student program page,https://www.canada.ca/en/public-service-commission/jobs/services/recruitment/students/coop-internship.html
Canada Border Services Agency,Student Border Services Officer — Summer 2027,Various locations in Canada,Canada,Legal & Contracts,Summer 2027,Not stated,2026-07-13,Live feed · verified Jul 13,2026-09-17,,89,Good match,"Check citizenship, licensing and availability","Confirm citizenship or permanent-resident eligibility, driver’s-licence and security requirements, and full-time availability from late April to early September 2027.",Government security and Canadian status requirements apply,government_canada,Canada Border Services Agency,official_program,True,official government or central-bank student program page,https://www.cbsa-asfc.gc.ca/job-emploi/student-etudiant/sbso-aesf-eng.html
Parks Canada,Student and Youth Employment Opportunities,Across Canada,Canada,Legal & Contracts,Seasonal and current postings,Not stated,2026-07-13,Live feed · verified Jul 13,,,89,Good match,Check each Parks Canada posting,"Eligibility, age, term dates, location and work authorization vary by opening. Review each official posting before applying.",Canadian work authorization required,government_canada,Parks Canada,official_program,True,official government or central-bank student program page,https://parks.canada.ca/agence-agency/emplois-jobs/etudiants-students
Canada Revenue Agency,Student and Graduate Hiring Opportunities,Across Canada,Canada,Legal & Contracts,Current and recurring opportunities,Not stated,2026-07-13,Live feed · verified Jul 13,,,89,Good match,Check CRA inventory requirements,"Confirm the specific inventory’s academic field, citizenship or residency, security, language and term requirements.",Canadian work eligibility and security screening apply,government_canada,Canada Revenue Agency Careers,official_program,True,official government or central-bank student program page,https://www.canada.ca/en/revenue-agency/corporate/careers-cra/browse-job-types/student-graduate-hiring.html
National Research Council Canada,NRC Student Employment Program,Across Canada,Canada,Legal & Contracts,Current and recurring opportunities,Not stated,2026-07-13,Live feed · verified Jul 13,,,89,Good match,Check field and term requirements,"Review individual NRC postings for program relevance, academic standing, security and work-term requirements.",Canadian work eligibility and security screening may apply,government_canada,National Research Council Canada,official_program,True,official government or central-bank student program page,https://nrc.canada.ca/en/corporate/careers/nrc-student-employment-program
Canadian Food Inspection Agency,CFIA Student Opportunities,Across Canada,Canada,Legal & Contracts,Current and recurring opportunities,Not stated,2026-07-13,Live feed · verified Jul 13,,,89,Good match,Check individual CFIA opportunity,"Confirm the recruiting stream, academic field, security, language and work-term requirements for each opportunity.",Canadian work eligibility and security screening may apply,government_canada,Canadian Food Inspection Agency,official_program,True,official government or central-bank student program page,https://inspection.canada.ca/en/about-cfia/job-opportunities/how-apply/students
Employment and Social Development Canada,Student Work Placement Program,Across Canada,Canada,Legal & Contracts,Academic and seasonal work terms,Not stated,2026-07-13,Live feed · verified Jul 13,,,89,Good match,Check partner and residency requirements,"Review each delivery partner’s requirements, including school registration, age or residency rules, work authorization and whether the placement can fit the academic schedule.",Program-specific Canadian eligibility applies,government_canada,Government of Canada — Student Work Placement Program,official_program,True,official government or central-bank student program page,https://www.canada.ca/en/employment-social-development/services/student-work-placements-wage-subsidies.html
U.S. Federal Government,Pathways Internship Program,United States,United States,Legal & Contracts,Current and recurring opportunities,Not stated,2026-07-13,Live feed · verified Jul 13,,,89,Good match,Check U.S. federal eligibility,"Confirm U.S. citizenship or nationality, independent work authorization, academic status, location and security requirements for each USAJOBS posting.",U.S. federal eligibility varies; citizenship is commonly required,government_us,U.S. Office of Personnel Management,official_program,True,official government or central-bank student program page,https://www.opm.gov/policy-data-oversight/hiring-information/students-recent-graduates/
U.S. Department of State,Student Internship Program,United States and overseas,United States,Legal & Contracts,Program-specific cycles,Not stated,2026-07-13,Live feed · verified Jul 13,,,89,Good match,Check U.S. citizenship and security requirements,"Confirm U.S. citizenship, academic status, security-clearance eligibility and term availability before applying.",U.S. citizenship and security requirements apply,government_us,U.S. Department of State Careers,official_program,True,official government or central-bank student program page,https://careers.state.gov/interns-fellows/student-internship-program/
Government of Alberta,Alberta Public Service Student Opportunities and Internships,Alberta,Canada,Legal & Contracts,Current and seasonal opportunities,Not stated,2026-07-13,Posted Jul 13,,,89,Good match,Check co-op enrollment,Confirm that your University of Ottawa program can register or approve this co-op work term.,Must be eligible to work in Canada,government_canada,Alberta Public Service student opportunities,official_program,True,official Canadian public-sector student program page,https://www.alberta.ca/find-student-opportunities-and-internships
"Blake, Cassels & Graydon LLP",Blakes Law Student Programs,"Toronto, Ottawa, Montréal, Calgary and Vancouver",Canada,Legal & Contracts,Future recruiting cycle,Not stated,2026-07-13,Live feed · verified Jul 13,,,89,Good match,Future law-student recruiting cycle,"This is an official law-student recruiting program page rather than a confirmed opening for Katherine’s current academic stage. Use it to monitor office-specific 1L/2L, summer, and articling timelines and confirm when the relevant application window opens.",Must be eligible to work in Canada,law_firm_programs,Official law-firm student recruiting page,official_recruiting_program,True,official Canadian law-firm student recruiting page,https://www.joinblakes.com/law-students/
"Osler, Hoskin & Harcourt LLP",Osler Law Student Programs,"Toronto, Ottawa, Montréal, Calgary and Vancouver",Canada,Legal & Contracts,Future recruiting cycle,Not stated,2026-07-13,Live feed · verified Jul 13,,,89,Good match,Future law-student recruiting cycle,"This is an official law-student recruiting program page rather than a confirmed opening for Katherine’s current academic stage. Use it to monitor office-specific 1L/2L, summer, and articling timelines and confirm when the relevant application window opens.",Must be eligible to work in Canada,law_firm_programs,Official law-firm student recruiting page,official_recruiting_program,True,official Canadian law-firm student recruiting page,https://www.osler.com/en/law-students/
Torys LLP,Torys Student Program,Toronto and Calgary,Canada,Legal & Contracts,Future recruiting cycle,Not stated,2026-07-13,Live feed · verified Jul 13,,,89,Good match,Future law-student recruiting cycle,"This is an official law-student recruiting program page rather than a confirmed opening for Katherine’s current academic stage. Use it to monitor office-specific 1L/2L, summer, and articling timelines and confirm when the relevant application window opens.",Must be eligible to work in Canada,law_firm_programs,Official law-firm student recruiting page,official_recruiting_program,True,official Canadian law-firm student recruiting page,https://www.torys.com/careers/student-program
McCarthy Tétrault LLP,McCarthy Tétrault Student Programs,"Vancouver, Calgary, Toronto, Ottawa, Montréal and Québec City",Canada,Legal & Contracts,Future recruiting cycle,Not stated,2026-07-13,Live feed · verified Jul 13,,,89,Good match,Future law-student recruiting cycle,"This is an official law-student recruiting program page rather than a confirmed opening for Katherine’s current academic stage. Use it to monitor office-specific 1L/2L, summer, and articling timelines and confirm when the relevant application window opens.",Must be eligible to work in Canada,law_firm_programs,Official law-firm student recruiting page,official_recruiting_program,True,official Canadian law-firm student recruiting page,https://www.mccarthy.ca/en/careers/students
Dentons Canada LLP,Dentons Canada Summer and Articling Programs,"Calgary, Edmonton, Montréal, Ottawa, Toronto and Vancouver",Canada,Legal & Contracts,Summer,Not stated,2026-07-13,Live feed · verified Jul 13,,,89,Good match,Future law-student recruiting cycle,"This is an official law-student recruiting program page rather than a confirmed opening for Katherine’s current academic stage. Use it to monitor office-specific 1L/2L, summer, and articling timelines and confirm when the relevant application window opens.",Must be eligible to work in Canada,law_firm_programs,Official law-firm student recruiting page,official_recruiting_program,True,official Canadian law-firm student recruiting page,https://students.dentons.com/opportunities-around-the-globe/canada/
Norton Rose Fulbright Canada LLP,Norton Rose Fulbright Canada Student Programs,"Calgary, Montréal, Ottawa, Québec City, Toronto and Vancouver",Canada,Legal & Contracts,Future recruiting cycle,Not stated,2026-07-13,Live feed · verified Jul 13,,,89,Good match,Future law-student recruiting cycle,"This is an official law-student recruiting program page rather than a confirmed opening for Katherine’s current academic stage. Use it to monitor office-specific 1L/2L, summer, and articling timelines and confirm when the relevant application window opens.",Must be eligible to work in Canada,law_firm_programs,Official law-firm student recruiting page,official_recruiting_program,True,official Canadian law-firm student recruiting page,https://www.nortonrosefulbright.com/en-ca/careers/students/programs
Bennett Jones LLP,Bennett Jones Law Student Programs,"Calgary, Edmonton, Ottawa, Toronto and Vancouver",Canada,Legal & Contracts,Future recruiting cycle,Not stated,2026-07-13,Live feed · verified Jul 13,,,89,Good match,Future law-student recruiting cycle,"This is an official law-student recruiting program page rather than a confirmed opening for Katherine’s current academic stage. Use it to monitor office-specific 1L/2L, summer, and articling timelines and confirm when the relevant application window opens.",Must be eligible to work in Canada,law_firm_programs,Official law-firm student recruiting page,official_recruiting_program,True,official Canadian law-firm student recruiting page,https://www.bennettjones.com/Student-Recruiting
Borden Ladner Gervais LLP,BLG Student Programs,"Calgary, Montréal, Ottawa, Toronto and Vancouver",Canada,Legal & Contracts,Future recruiting cycle,Not stated,2026-07-13,Live feed · verified Jul 13,,,89,Good match,Future law-student recruiting cycle,"This is an official law-student recruiting program page rather than a confirmed opening for Katherine’s current academic stage. Use it to monitor office-specific 1L/2L, summer, and articling timelines and confirm when the relevant application window opens.",Must be eligible to work in Canada,law_firm_programs,Official law-firm student recruiting page,official_recruiting_program,True,official Canadian law-firm student recruiting page,https://www.blg.com/en/student-programs
Stikeman Elliott LLP,Stikeman Elliott Law Student Programs,"Toronto, ON and other Canadian offices",Canada,Legal & Contracts,Future recruiting cycle,Not stated,2026-07-13,Live feed · verified Jul 13,,,89,Good match,Future law-student recruiting cycle,"This is an official law-student recruiting program page rather than a confirmed opening for Katherine’s current academic stage. Use it to monitor office-specific 1L/2L, summer, and articling timelines and confirm when the relevant application window opens.",Must be eligible to work in Canada,law_firm_programs,Official law-firm student recruiting page,official_recruiting_program,True,official Canadian law-firm student recruiting page,https://stikeman.com/en-CA/careers/students/toronto
Bank of America,Finance Management Summer Analyst Program — 2027,"Charlotte, NC; New York, NY; additional U.S. locations",United States,"Finance, Tax & Risk",Summer 2027,Onsite,2026-07-12,"Open and verified July 12, 2026",2026-09-30,,89,Good match,Class-year and sponsorship conflict,"Eligible candidates must graduate between November 2027 and August 2028, while Katherine’s résumé lists April 2031. The employer also will not consider candidates who require visa sponsorship now or later.",U.S. work authorization required; no current or future sponsorship,curated,Bank of America Careers,official,True,manually reviewed source record,https://careers.bankofamerica.com/en-us/students/job-detail/14422/finance-management-summer-analyst-program-2027-multiple-locations
Stellantis,Strategy & Business Analytics Co-op — Customer Programs,"Mississauga, ON",Canada,Analytics & Strategy,Fall 2026,Onsite,2026-07-12,Live tracker · verified Jul 12,,"$1,000–$1,080/week (tracker)",89,Good match,Check co-op eligibility,"Confirm co-op enrollment, term dates, and Canadian work authorization.",Must be eligible to work in Canada,curated,Stellantis Careers / Canadian tracker,official,True,manually reviewed source record,https://recruiting.adp.com/srccsh/public/RTI.home?c=2183219&d=ExternalCareerSite&idUnique=5001210286906&r=5001210286906&rb=INDEED
WorkSafeBC,"Co-op Student, Data Analytics — Internal Audit","Richmond, BC",Canada,Compliance & Governance,Fall 2026,Remote,2026-07-12,Live tracker · verified Jul 12,,$26.82/hour (tracker),89,Good match,Check co-op enrollment,Confirm that University of Ottawa co-op or internship registration satisfies the employer’s student requirements.,Must be eligible to work in Canada,curated,Daily Canadian Internship Tracker,tracker,False,manually reviewed source record,https://careers.worksafebc.com/
CAE,Contract Administration Internship,"Montréal, QC or Ottawa, ON",Canada,Legal & Contracts,Fall 2026,Hybrid,2026-07-07,Posted Jul 7,,,89,Good match,Check class-year requirement,"The role requests three years of studies completed. Your résumé shows a 2031 graduation date, so verify whether prior credits or the combined-program structure satisfy this requirement.",Canada eligibility + Controlled Goods Program,curated,CAE via Workopolis,aggregator,False,manually reviewed source record,https://www.workopolis.com/jobsearch/viewjob/Ut_XCqlyNGcqrEUyOn7e_hQCqW718SKfZXqKMR8yQ6hZepy-9NErlMpEjsprP0uo
Definity,Reporting Specialist — Fall 2026 Co-op/Intern,"Waterloo, ON",Canada,Analytics & Strategy,Fall 2026,Hybrid,2026-07-07,5 days ago when verified,,,89,Good match,Check related-field wording,"The posting targets students in computer science, data analytics, business analysis, or a similar field. A commerce program with substantial analytics coursework may qualify, but the employer should confirm.",Must be eligible to work in Canada,curated,Definity via LinkedIn,aggregator,False,manually reviewed source record,https://ca.linkedin.com/jobs/view/reporting-specialist-fall-2026-co-op-intern-at-definity-4429186286
D. E. Shaw Group,Legal & Compliance Intern,"New York, NY",United States,Compliance & Governance,Summer 2027,Onsite,2026-06-01,Posted Jun 1,,"$9,000/month plus listed benefits",89,Good match,Target graduation timing mismatch,"The program generally targets students approaching their final year. With an April 2031 graduation date, you are likely earlier than the intended cohort; verify before applying.",Check U.S. authorization and sponsorship,curated,D. E. Shaw Careers,official,True,manually reviewed source record,https://www.deshaw.com/careers/legal-compliance-intern-new-york-summer-2027-5898
Government of Quebec,Quebec Public Service Student Jobs and Internships,Quebec,Canada,Legal & Contracts,Current and seasonal opportunities,Not stated,2026-05-15,Posted May 15,,,89,Good match,Likely match,"Confirm term dates, academic registration, and Canadian work authorization on the official posting.",Must be eligible to work in Canada,government_canada,Quebec public service student opportunities,official_program,True,official Canadian public-sector student program page,https://www.quebec.ca/gouvernement/travailler-gouvernement/emplois-fonction-publique/emplois-etudiants-stages
Canadian Coast Guard,Inshore Rescue Boat Student Program — Summer 2027,Coastal locations across Canada,Canada,Policy & Government,Summer 2027,Not stated,2026-07-13,Live feed · verified Jul 13,2026-11-02,,88,Good match,"Check licences, certifications and regional requirements","Confirm full-time and return-to-studies status, regional language requirements, driver’s licence and marine/first-aid certifications, security screening, medical clearance, and full-time Summer 2027 availability.",Federal student and security requirements apply,government_canada,Canadian Coast Guard,official_program,True,official Government of Canada / Canadian Coast Guard student program page,https://www.canada.ca/en/canadian-coast-guard/services/search-rescue/inshore-rescue-boat-service/apply-student-program-how.html
House of Commons of Canada,House of Commons Student Employment Program,"Ottawa, ON",Canada,Policy & Government,Fall,Not stated,2026-07-13,Posted Jul 13,,,88,Good match,Check co-op enrollment,Confirm that your University of Ottawa program can register or approve this co-op work term.,Must be eligible to work in Canada,government_canada,House of Commons Student Employment,official_program,True,official Canadian public-sector student program page,https://www.ourcommons.ca/en/employment/students
"Blake, Cassels & Graydon LLP",Blakes Pre-Law Internship Opportunities,Canada — office and program dependent,Canada,Legal & Contracts,Current and future cycles,Not stated,2026-07-13,Live feed · verified Jul 13,,,88,Good match,Check current pre-law opening and program criteria,"The official page describes undergraduate pre-law internships, often tied to specific initiatives. Confirm whether a current opening exists and whether its program-specific eligibility criteria fit your background.",Must be eligible to work in Canada,law_firm_programs,Official law-firm student recruiting page,official_recruiting_program,True,official Canadian law-firm student recruiting page,https://www.joinblakes.com/undergrad-students/
Fasken Martineau DuMoulin LLP,Fasken Law Student Programs,Canada — multiple offices,Canada,Legal & Contracts,Future recruiting cycle,Not stated,2026-07-13,Live feed · verified Jul 13,,,88,Good match,Future law-student recruiting cycle,"This is an official law-student recruiting program page rather than a confirmed opening for Katherine’s current academic stage. Use it to monitor office-specific 1L/2L, summer, and articling timelines and confirm when the relevant application window opens.",Must be eligible to work in Canada,law_firm_programs,Official law-firm student recruiting page,official_recruiting_program,True,official Canadian law-firm student recruiting page,https://www.fasken.com/en/careers
Gowling WLG (Canada) LLP,Gowling WLG Canada Student Programs,Canada — multiple offices,Canada,Legal & Contracts,Future recruiting cycle,Not stated,2026-07-13,Live feed · verified Jul 13,,,88,Good match,Future law-student recruiting cycle,"This is an official law-student recruiting program page rather than a confirmed opening for Katherine’s current academic stage. Use it to monitor office-specific 1L/2L, summer, and articling timelines and confirm when the relevant application window opens.",Must be eligible to work in Canada,law_firm_programs,Official law-firm student recruiting page,official_recruiting_program,True,official Canadian law-firm student recruiting page,https://gowlingwlg.com/en/careers/canada/students
Bosch,Foreign Trade Data Analytics Intern,"Oak Brook, IL",United States,Compliance & Governance,Current / 2027 feed,Onsite,2026-07-12,Live feed · verified Jul 12,,,88,Good match,Check U.S. authorization and class year,"Review the official posting for term, program, and work-authorization requirements.",Check U.S. authorization and sponsorship,curated,Bosch Careers via Zapply,official,True,manually reviewed source record,https://jobs.smartrecruiters.com/BoschGroup/744000134542009
Cloudflare,Global Trade Compliance Intern,"Austin, TX",United States,Compliance & Governance,Summer 2027,Onsite,2026-07-12,Live feed · verified Jul 12,,,88,Good match,Check U.S. authorization and class year,"Review the official posting for export-control eligibility, class year, and U.S. work authorization.",Check U.S. authorization and sponsorship,curated,Cloudflare Careers via Zapply,official,True,manually reviewed source record,https://boards.greenhouse.io/cloudflare/jobs/7799138?gh_jid=7799138
Interac,AI Product Delivery Intern,"Toronto, ON",Canada,Analytics & Strategy,Fall 2026,Hybrid,2026-07-12,Live tracker · verified Jul 12,,$23–$25/hour (tracker),88,Good match,Check program requirements,"Review the official posting for program, term, and Canadian work-authorization requirements.",Must be eligible to work in Canada,curated,Interac Careers / Canadian tracker,official,True,manually reviewed source record,https://interac.wd3.myworkdayjobs.com/en-US/Interac/job/Toronto/AI-Product-Delivery-Intern_REQ-2283
Maple Leaf Sports & Entertainment,Business Strategy & Analytics Intern,"Toronto, ON",Canada,Analytics & Strategy,Fall 2026,Onsite,2026-07-12,Live tracker · verified Jul 12,,"$38,760 annualized (tracker)",88,Good match,Check co-op eligibility,Confirm academic term and co-op eligibility on the official posting.,Must be eligible to work in Canada,curated,MLSE Careers / Canadian tracker,official,True,manually reviewed source record,https://mlse.wd3.myworkdayjobs.com/MLSE_Opportunities/job/Toronto-Ontario/Business-Strategy---Analytics-Intern_JR0000537
Bombardier,Business Intelligence Analyst Intern,"Dorval, QC",Canada,Analytics & Strategy,Fall 2026 · 8 months,Hybrid,2026-06-28,Posted about 2 weeks ago,,,88,Good match,Minimum two years of study,The posting asks bachelor’s students to have completed at least two years. Confirm how your combined program and prior credits are counted.,Must be eligible to work in Canada,curated,Bombardier on LinkedIn,aggregator,False,manually reviewed source record,https://ca.linkedin.com/jobs/view/intern-business-intelligence-analyst-fall-2026-at-bombardier-4423079756
Government of British Columbia,BC Public Service Co-op Employment Program,British Columbia,Canada,Compliance & Governance,Academic co-op work terms,Not stated,2026-05-08,Posted May 8,,,88,Good match,Check co-op enrollment,Confirm that your University of Ottawa program can register or approve this co-op work term.,Must be eligible to work in Canada,government_canada,BC Public Service student programs,official_program,True,official Canadian public-sector student program page,https://www2.gov.bc.ca/gov/content/careers-myhr/job-seekers/internship-co-op-opportunities/co-op
CIBC,Data Analyst Co-op,"Toronto, ON",Canada,Analytics & Strategy,Fall 2026,Onsite,2026-07-12,Live tracker · verified Jul 12,,,87,Good match,Check co-op enrollment,Confirm co-op program registration and work-term availability.,Must be eligible to work in Canada,curated,CIBC Campus Careers / Canadian tracker,official,True,manually reviewed source record,https://cibc.wd3.myworkdayjobs.com/campus/job/Toronto-ON/Data-Analyst-Co-op_2611947
HARMAN International,Supply Chain ESG & Compliance Analyst Intern,"Northridge, CA",United States,Compliance & Governance,Current / 2027 feed,Onsite,2026-07-12,Live feed · verified Jul 12,,,87,Good match,Check U.S. authorization and class year,"Review the official posting for term, education, and work-authorization details.",Check U.S. authorization and sponsorship,curated,HARMAN Careers via Zapply,official,True,manually reviewed source record,https://harman.wd3.myworkdayjobs.com/HARMAN/job/Northridge---California-USA/Supply-Chain-ESG---Compliance-Analyst-Intern_R-53404-2026
Stellantis,"Business Analytics Co-op — Aftersales, Sales & Marketing","Mississauga, ON",Canada,Analytics & Strategy,Fall 2026,Onsite,2026-07-12,Live tracker · verified Jul 12,,"$1,000–$1,080/week (tracker)",87,Good match,Check co-op eligibility,"Confirm co-op enrollment, term dates, and Canadian work authorization.",Must be eligible to work in Canada,curated,Stellantis Careers / Canadian tracker,official,True,manually reviewed source record,https://recruiting.adp.com/srccsh/public/RTI.home?c=2183219&d=ExternalCareerSite&idUnique=5001210273706&r=5001210273706&rb=INDEED
McKesson,Data Governance Analyst Intern,"Mississauga, ON",Canada,Compliance & Governance,Fall 2026,Hybrid,2026-07-10,Posted Jul 10,,,87,Good match,Stretch — experience requirement,The posting unusually asks for 2–4+ years of data-governance or data-management experience. Apply only with strong projects and clearly address the gap.,Must be eligible to work in Canada,curated,McKesson via Workopolis,aggregator,False,manually reviewed source record,https://www.workopolis.com/jobsearch/viewjob/RSTLyPH_AmNoLB7i0gWzpHJpLimH4ddbZDu_AY54nLq4_GaM_QGgo3DNjIGfoaGj
TikTok,Governance Strategy Intern,"San Jose, CA",United States,Compliance & Governance,Current / 2027 feed,Onsite,2026-07-12,Live feed · verified Jul 12,,,86,Good match,Check U.S. authorization and class year,"Review the official posting for degree timing, term, and U.S. work-authorization requirements.",Check U.S. authorization and sponsorship,curated,TikTok Careers via Zapply,official,True,manually reviewed source record,https://lifeattiktok.com/position/7628350902421522693
Duquesne Light Company,Legal Services / Compliance Intern,"Pittsburgh, PA",United States,Compliance & Governance,Summer 2027,Hybrid,2026-07-08,Posted about 4 days ago,,,86,Good match,Second-year law student requirement,The posting targets second-year law students and U.S. employment conditions may apply. Confirm whether a Canadian law student can qualify.,Check U.S. work authorization,curated,Duquesne Light on LinkedIn,aggregator,False,manually reviewed source record,https://www.linkedin.com/jobs/view/2027-summer-internship-legal-services-compliance-at-duquesne-light-company-4437851551
Capital One,Commercial Internship Program,"McLean, VA",United States,Business & Finance,Summer 2027,Hybrid,2026-07-06,Posted Jul 6,,,86,Good match,Graduation date and sponsorship conflict,The posting requires degree completion by July 2028 or earlier and states that employment-immigration support is not available. Your 2031 graduation date conflicts with the cohort requirement.,No employment-immigration support; independent U.S. authorization required,curated,Capital One Careers,official,True,manually reviewed source record,https://www.capitalonecareers.com/job/mclean/commercial-internship-program-summer-2027/31238/97421687536
Mars Canada,Business Analytics Analyst Co-op,"Bolton, ON",Canada,Analytics & Strategy,Fall 2026 · 8 months,Onsite,2026-07-12,Live tracker · verified Jul 12,,,85,Good match,Check co-op eligibility,Confirm co-op enrollment and eight-month availability.,Must be eligible to work in Canada,curated,Mars on LinkedIn / Canadian tracker,tracker,False,manually reviewed source record,https://ca.linkedin.com/jobs/view/mars-canada-business-analytics-analyst-co-op-at-mars-4430031048
BNP Paribas,Data Analytics & Project Management Intern,"Montréal, QC",Canada,Analytics & Strategy,Current · 6 months,Hybrid,2026-06-21,Posted about 3 weeks ago,,,85,Good match,Current education mismatch,"The listing specifies a master’s student in a quantitative field. Your skills align, but your current BCom/JD program does not match the stated education requirement.",Must be legally eligible in Greater Montréal,curated,BNP Paribas on LinkedIn,aggregator,False,manually reviewed source record,https://ca.linkedin.com/jobs/view/data-analytics-project-management-intern-at-bnp-paribas-4390537935
Amazon,Finance Rotation Program — Business Unit Finance Intern,"Seattle, WA",United States,Business & Finance,Summer 2027,Onsite,2026-07-12,Live feed · verified Jul 12,,,84,Good match,Check U.S. authorization and class year,Review the official posting for graduation date and work-authorization policy.,Check U.S. authorization and sponsorship,curated,Amazon Jobs via Zapply,official,True,manually reviewed source record,https://www.amazon.jobs/en/jobs/10435672/2027-amazon-finance-rotation-program-business-unit-finance-intern
BMW Group,Performance Analytics Intern,"Richmond Hill, ON",Canada,Analytics & Strategy,Fall 2026 · 12 months,Onsite,2026-07-12,Live tracker · verified Jul 12,,"About $47,000/year (tracker)",84,Good match,Check 12-month availability,The 12-month duration may conflict with a full-time academic schedule; confirm leave or co-op options.,Must be eligible to work in Canada,curated,BMW Group on LinkedIn,tracker,False,manually reviewed source record,https://ca.linkedin.com/jobs/view/performance-analytics-intern-12-months-at-bmw-group-4431783004
PepsiCo Canada,IT Analytics Co-op,"Mississauga, ON",Canada,Analytics & Strategy,Fall 2026,Onsite,2026-07-12,Live tracker · verified Jul 12,,$25–$37.50/hour (tracker),84,Good match,Check co-op eligibility,"Confirm co-op registration, academic term, and Canadian work authorization.",Must be eligible to work in Canada,curated,PepsiCo Campus Careers,official,True,manually reviewed source record,https://globalcampus-pepsico.icims.com/jobs/452360/pepsico-canada%3A-fall-2026-it-analytics-co-op/job?in_iframe=1
S&P Global,Ratings Operations Intern,"New York, NY",United States,"Finance, Tax & Risk",Current / 2027 feed,Onsite,2026-07-12,Live feed · verified Jul 12,,,84,Good match,Check U.S. authorization and graduation year,"Review the official posting for class year, location, and work-authorization rules.",Check U.S. authorization and sponsorship,curated,S&P Global Careers via Zapply,official,True,manually reviewed source record,https://spgi.wd5.myworkdayjobs.com/SPGI_Careers/job/New-York-NY/Ratings-Operations-Intern_330181-1
Walleye Capital,Business Operations Intern,"New York, NY",United States,Business & Finance,Summer 2027,Onsite,2026-07-12,Live feed · verified Jul 12,,,84,Good match,Check U.S. authorization and class year,Review the official posting for degree timing and U.S. work authorization.,Check U.S. authorization and sponsorship,curated,Walleye Capital Careers via Zapply,official,True,manually reviewed source record,https://job-boards.greenhouse.io/walleyecapital-external-students/jobs/4678723006
Comcast,Business Analytics Co-op,"Philadelphia, PA",United States,Analytics & Strategy,Current / 2027 feed,Onsite,2026-07-12,Live feed · verified Jul 12,,,83,Good match,Check U.S. authorization and co-op rules,"Review the official posting for co-op enrollment, timing, and U.S. work authorization.",Check U.S. authorization and sponsorship,curated,Comcast Careers via Zapply,official,True,manually reviewed source record,https://comcast.wd5.myworkdayjobs.com/Comcast_Careers/job/PA---Philadelphia-1701-John-F-Kennedy-Blvd/Comcast-Business-Analytics-Co-op_R435981
Federal Trade Commission — Bureau of Competition,Legal Internship / Law Clerk,"Washington, DC; select ACE offices",United States,Law Student Recruiting,Summer 2027,Onsite,2026-07-12,Program page verified Jul 12,2026-09-04,Unpaid; stipend or course credit required,83,Good match,U.S. citizenship required,"The FTC explicitly requires U.S. citizenship. The 2L application window is July 17–September 4, 2026; the 1L window is November 20, 2026–January 8, 2027.",U.S. citizenship required,curated,Federal Trade Commission,official,True,manually reviewed source record,https://www.ftc.gov/about-ftc/bureaus-offices/bureau-competition/careers-bureau-competition/legal-internships-bureau
Pratt & Whitney Canada,Digital Transformation Intern,"Longueuil, QC",Canada,Analytics & Strategy,Fall 2026,Onsite,2026-07-10,Posted Jul 10,,,83,Good match,Check academic requirements,"Review the official listing for eligible programs, language expectations, and work-term requirements.",Must be eligible to work in Canada,curated,Pratt & Whitney on LinkedIn,aggregator,False,manually reviewed source record,https://ca.linkedin.com/jobs/view/stage-automne-2026-transformation-numerique-internship-%E2%80%93-fall-2026-%E2%80%93-digital-transformation-at-pratt-whitney-4429797413
ABB,Finance Intern,"Alpharetta, GA",United States,Business & Finance,Fall 2026,Onsite,2026-07-12,Live feed · verified Jul 12,,,82,Good match,Check U.S. authorization and term,"Review the official posting for graduation timing, fall availability, and U.S. work authorization.",Check U.S. authorization and sponsorship,curated,ABB Careers via Zapply,official,True,manually reviewed source record,https://abb.wd3.myworkdayjobs.com/external_career_page/job/Alpharetta-Georgia-United-States-of-America/Finance-Intern---Fall-2026_JR00039384
Samfiru Tumarkin LLP,2027 Summer Law Student,"Toronto, ON",Canada,Law Student Recruiting,Summer 2027,Hybrid,2026-07-07,Posted Jul 7,2026-08-28,"$6,500–$7,000/month (listing)",82,Good match,Confirm law-school recruitment year,This appears to be a formal 2027 summer law-student cycle. Confirm whether your current year in the combined BCom/JD program is eligible under Ontario recruitment rules.,Must be eligible to work in Canada,curated,Samfiru Tumarkin via Workopolis,aggregator,False,manually reviewed source record,https://www.workopolis.com/jobsearch/viewjob/UjoMYsuHeeM0dOxwhNut6JfnO3jFB-oYrPHKRIePRYIHG22GKaRBtmj_NnNoduAw
Etched,Finance Intern,"San Jose, CA",United States,Business & Finance,Current / 2027 feed,Onsite,2026-07-12,Live feed · verified Jul 12,,,81,Exploratory match,Check U.S. authorization and class year,"Review the official posting for term, class year, and work-authorization rules.",Check U.S. authorization and sponsorship,curated,Etched Careers via Zapply,official,True,manually reviewed source record,https://jobs.ashbyhq.com/etched/a0a1671e-15d4-474c-8227-97fe16ade553/application
Legal Aid Ontario,2027 2L Summer Law Student — Policy,"Toronto, ON",Canada,Law Student Recruiting,Summer 2027,Onsite,2026-07-12,Current posting · verified Jul 12,,,81,Exploratory match,2L requirement,The title explicitly targets 2L students. Your résumé’s 2031 graduation date suggests you may be too early for this cycle unless your combined-program standing is treated differently.,Must be eligible to work in Canada,curated,Legal Aid Ontario via Workopolis,aggregator,False,manually reviewed source record,https://www.workopolis.com/jobsearch/viewjob/Boi-vZqzMpDuChCWmX7lwRpd4_vQsSX2iXzBRvOCicy4_BtfCWlmKiQNVn1x7VWF
City of Toronto,Summer Law Student Program,"Toronto, ON",Canada,Law Student Recruiting,Summer 2027,Hybrid,2026-07-12,Program page verified Jul 12,,,80,Exploratory match,Future-cycle / year check,The program recruits second-year law students through the formal viLawPortal process. Monitor the applicable Law Society recruitment calendar.,Must be eligible to work in Canada,curated,City of Toronto,official,True,manually reviewed source record,https://www.toronto.ca/home/jobs/information-for-applicants/recruitment-initiatives/law-summer-student-program/
Department of Justice Canada,Legal Excellence Program — Summer Student,"Vancouver, BC",Canada,Law Student Recruiting,Summer 2027,Onsite,2026-07-06,Posted about 6 days ago,2026-08-14,"$70,647 annualized (listing)",79,Exploratory match,Check law-year qualification,The process is administered through viLawPortal and appears targeted to students who can qualify for temporary articles. Confirm your year and eligibility before applying.,Canada residency/citizenship preferences may apply,curated,Justice Canada via Workopolis / viLawPortal,aggregator,False,manually reviewed source record,https://www.workopolis.com/jobsearch/viewjob/PRLyBhg0lFKsJVQNARWVumGJ6wG231ValYWryJGreoURSHClkFa1-_9jXBlr2Dik
California Department of Justice,Law Student Internships — Current Openings,California,United States,Law Student Recruiting,Spring / Summer 2027,Onsite,2026-07-12,Openings page verified Jul 12,2026-10-15,,78,Exploratory match,Check office-specific eligibility,"Each section has separate dates and requirements. Confirm U.S. work authorization, law-school status, location, and whether the role accepts non-U.S. law students.",Check U.S. authorization and office rules,curated,California Department of Justice,official,True,manually reviewed source record,https://oag.ca.gov/careers/students
Legal Aid Ontario,2027 2L Summer Law Student — Criminal,"Toronto, ON",Canada,Law Student Recruiting,Summer 2027,Onsite,2026-07-12,Current posting · verified Jul 12,,,78,Exploratory match,2L requirement,The title explicitly targets 2L students. Treat this as a future-cycle networking opportunity unless your program standing qualifies.,Must be eligible to work in Canada,curated,Legal Aid Ontario via Workopolis,aggregator,False,manually reviewed source record,https://www.workopolis.com/jobsearch/viewjob/VFehvgm99ni6TbI0K-Y2dkjhm1KCIqUAksDQrvcOZ46QXkC1-wBhcTYKryfiOD8h
Santa Clara County District Attorney,1L / 2L Law Clerk Internship,"San Jose, CA",United States,Law Student Recruiting,Summer 2027,Onsite,2026-07-12,Deadlines page verified Jul 12,2027-02-05,,77,Exploratory match,Check U.S. law-school and authorization rules,"The 2L deadline is August 21, 2026, and the 1L deadline is February 5, 2027. Confirm whether a Canadian JD student may participate.",Check U.S. authorization,curated,Santa Clara County District Attorney,official,True,manually reviewed source record,https://da.santaclaracounty.gov/employment-internship-opportunities/law-clerk-internships/program-schedulesdeadlines
U.S. Department of Justice,Law Student Volunteer,Various U.S. locations,United States,Law Student Recruiting,Spring / Summer / Fall 2027,Varies,2026-07-12,Current posting verified Jul 12,2026-12-15,Unpaid volunteer roles,76,Exploratory match,Citizenship and U.S.-law-school restrictions likely,"Many DOJ volunteer placements require U.S. citizenship, security review, and enrollment in an accredited U.S. law school. Review each component’s requirements carefully.",Often U.S. citizenship required,curated,U.S. Department of Justice,official,True,manually reviewed source record,https://www.justice.gov/legal-careers/job/law-student-volunteer-spring-2027-summer-2027-fall-2027
